Nom,Description_1,Description_2,Description_3,Disponibilité,Conservation,Pleine_Saison,Lieu_Culture,Conservation_2,Apport,Vitamines,Âge_Consommation,Tableau_Composition,Miniature_image,Banner_image
Chou rouge,"Peu calorique et très résistant, le chou rouge a plus d'un atout sous ses feuilles !","Avec sa tête bien ferme et ses feuilles lisses, le chou rouge fait partie des choux cabus. De forme ronde ou ovale, il pèse en moyenne 1,5 kg. Généralement pourpre, sa couleur varie du rouge au violet selon l’acidité du sol dans lequel il a poussé.","Source de vitamines et de fibres, le chou rouge se consomme aussi bien cru que cuit.",Disponiblité : Présent sur les étals de juillet à mars,"Entier, le chou rouge se conserve une bonne semaine au frais. Une fois entamé il peut se garder jusqu’à 5 jours dans le bac à légumes du réfrigérateur, emballé dans du film alimentaire ou placé dans un contenant hermétique.",Octobre à Février,Europe (dont France),1 semaine au frais,30 kcal pour 100g,Source de vitamines C et B9,12 mois,"Eau
89,10 g 

Glucides
5,70 g 

Fibres
3 g 

Vitamine B9
45,10 µg 

Vitamine C
26,20 mg 

Potassium
250 mg 

",https://www.lesfruitsetlegumesfrais.com/app/uploads/cache/2022/01/chou-rouge/789318148.jpg,https://www.lesfruitsetlegumesfrais.com/app/uploads/cache/2022/01/chou-rouge-desktop/2143876050.jpg
Choux de Bruxelles,"Un temps mis à l’écart, le chou de Bruxelles revient dans nos cuisines.","Notamment grâce à des saveurs moins amères et plus sucrées, davantage adaptées aux goûts actuels. Les jeunes chefs l’ont bien compris : le chou de Bruxelles n’est plus exclusivement le symbole d’une nourriture rustique traditionnelle mais peut jouer la carte de la modernité en s’accomodant de mille façons.",,,Comment conserver le chou de Bruxelles ? Jusqu’à une semaine dans le bac à légumes,,En Europe,7 jours dans le bac à légumes,45 kcal pour 100g,Riche en vitamine K1 et C,,"Eau
85,50 g 

Glucides
5,40 g 

Fibres
4,80 g 

Vitamine B9
49,30 µg 

Vitamine C
55,40 mg 

Vitamine K1
61,80 µg 

",https://www.lesfruitsetlegumesfrais.com/app/uploads/cache/2021/03/chou-de-bruxelles/1470095975.jpg,https://www.lesfruitsetlegumesfrais.com/app/uploads/cache/2021/03/chou-bruxelles-2880x1214-px/582246044.jpg
Chou-fleur,"Sur les étals français, on trouve du chou-fleur toute l’année. ","Cru ou cuit, il se prête à de multiples recettes et présente de sérieuses qualités nutritionnelles. Vous pouvez donc en manger sans compter !",,,Le chou-fleur se garde deux ou trois jours dans le bac à légumes du réfrigérateur.,,En France,2 à 3 jours dans le bac à légumes,30 kcal pour 100g,Riche en vitamine C et B9,6 mois,"Eau
91,10 g 

Fibres
1,80 g 

Vitamine B5
0,94 mg 

Vitamine B9
54,30 µg 

Vitamine C
21,40 mg 

",https://www.lesfruitsetlegumesfrais.com/app/uploads/cache/2021/03/chou-fleur-1/2719563389.jpg,https://www.lesfruitsetlegumesfrais.com/app/uploads/cache/2021/03/chou-flleu-2880x1214-px/2226835007.jpg
Brocoli,"Connu et cultivé en Europe depuis quatre siècles, le brocoli se savoure toute l’année.","Ce grand parent du chou-fleur est présent depuis quelques dizaines d’années sur les étals français, et a très vite su se faire une place dans les assiettes. Son goût très doux et son croquant font des merveilles dans tous types de recettes salées. Gorgé de vitamines, ce légume vert participe en plus à votre bien-être !",,,,,En France,Entre 4 et 5 jours dans le bac à légumes,37 kcal pour 100g,Riche en vitamine B9 et K1,6 mois,"Eau
89,40 g 

Glucides
2,53 g 

Fibres
2,20 g 

Vitamine B9
81,70 µg 

Vitamine C
20,70 mg 

Vitamine K1
23,20 µg 

",https://www.lesfruitsetlegumesfrais.com/app/uploads/cache/2021/03/brocoli/875779887.jpg,https://www.lesfruitsetlegumesfrais.com/app/uploads/cache/2021/03/brocoli-2880x1214-px/2875136699.jpg
Champignon de paris,"Appelé champignon de Paris en raison de ses origines, il est aujourd’hui principalement cultivé en Pays de Loire. ","Tendre et goûteux, ce champignon de couche se cuisine facilement.",,,"Pour qu’ils conservent saveur et fraîcheur, il est recommandé de consommer les champignons de Paris rapidement après achat. Vous pouvez néanmoins les garder 3 ou 4 jours au réfrigérateur.",,En France,3 ou 4 jours au réfrigérateur,38 kcal pour 100 g,,9 mois,"Eau
88,40 g 

Glucides
4,53 g 

Fibres
0,90 g 

Vitamine B3
4,53 mg 

Vitamine B5
2,33 mg 

Cuivre
0,39 mg 

",https://www.lesfruitsetlegumesfrais.com/app/uploads/cache/2021/07/champignon-1/2421309757.jpg,https://www.lesfruitsetlegumesfrais.com/app/uploads/cache/2021/07/champignons-de-paris-1-header/12985595.jpg
Champignons cultivés,"On a beau les classer parmi les légumes, les champignons cultivés ne sont ni des animaux, ni des végétaux.","Ils appartiennent au groupe des « fungi », et plus exactement à la catégorie des saprophytes. Ils sont à distinguer des champignons sauvages, dont la présence, sujette aux aléas de la météo, est irrégulière et le plus souvent très courte.",,Sept.-Juin,,Sept.-Juin,En France,4 jours max. dans le bac à légumes,38 kcal pour 100g,,,"Eau
88,40 g 

Glucides
4,53 g 

Fibres
0,90 g 

Vitamine B3
4,53 mg 

Vitamine B5
2,33 mg 

Cuivre
0,39 mg 
",https://www.lesfruitsetlegumesfrais.com/app/uploads/cache/2021/03/champignons-cultives/3837388778.jpg,https://www.lesfruitsetlegumesfrais.com/app/uploads/cache/2021/03/champignons-cultives-pleurotes-2880x1214-px/753116848.jpg
Cèpe,"Le cèpe, à l’instar de tous les champignons sauvages, est consommé depuis des siècles.","Sa saveur est tellement exceptionnelle qu’il est très attendu et convoité, dès le début de l’automne, sur les étals. Ces petits « bouchons » gorgés de vitamines sont délicieux cuisinés simplement, ou intégrés à des recettes plus élaborées, voire à des plats de fête.",,Toute l'année,Le cèpe se conserve au frais et au sec. Prévoyez de le consommer dans les 48 h grand maximum.,Août - Nov.,En France,2 jours max,,,A partir de 12 mois,,https://www.lesfruitsetlegumesfrais.com/app/uploads/cache/2021/03/cepe-1/2121185774.jpg,https://www.lesfruitsetlegumesfrais.com/app/uploads/cache/2021/03/cepe-2880x1214-px/3471346706.jpg
Morille,"Plaisir printanier exclusif, la morille sort du commun avec son chapeau alvéolé.","Ce champignon sauvage embaume les plats avec un parfum unique, très subtil. Reconnue sur le plan gustatif, elle présente également de vrais arguments nutritionnels.",,Toute l'année,2 jours dans un endroit sec et frais,Avr - Mai,En France,2 jours dans un endroit sec et frais,,,"A partir de
24 mois",,https://www.lesfruitsetlegumesfrais.com/app/uploads/cache/2021/03/morille/1561083815.jpg,https://www.lesfruitsetlegumesfrais.com/app/uploads/cache/2021/03/morille-2880x1214-px/3909641815.jpg
Trufe,"La truffe, champignon qui s’épanouit sous terre.","C’est le fruit de la rencontre entre un arbre, dit « arbre truffier » (chêne, hêtre, tilleul, frêne, charme, noisetier…) et un champignon ascomycète ectomycorhizien, qui vit au contact des radicelles de l’arbre. Les excroissances produites par le champignon s’appellent… les truffes !",,Toute l'année,5 à 6 jours max. dans une boîte hermétique,Sept.-Mars,En France,5 à 6 jours maximum,,,"À partir de
12 mois",,https://www.lesfruitsetlegumesfrais.com/app/uploads/cache/2021/03/truffes/2163620184.jpg,https://www.lesfruitsetlegumesfrais.com/app/uploads/cache/2021/03/truffe-2880x1214-px/1276972138.jpg
Oignon Primeur,"On ne présente plus l’oignon ! Cru, il dégage un arôme puissant et des saveurs marquées que la cuisson adoucit.","S’invitant dans un nombre impressionnant de préparations, il se prête avec autant de réussite aux plats les plus rustiques (flamiche, gratinée…) qu’aux mets les plus sophistiqués (foie gras poêlé, magret de canard…). Ce bulbe, organe de réserves nutritives pour la plante et sa fleur, présente aussi des qualités nutritionnelles qui vous invitent à conjuguer bien-être et plaisir de la table.",,Sept.-Av.,1 semaine dans le bac à légumes,Oct.-Av.,En France,1 semaine dans le bac à légumes,27 kcal pour 100g,Riche en fibres et vitamine B9,"6 mois
","Eau
91,20 g 

Glucides
3,56 g 

Fibres
3,10 g 

Vitamine B9
40,50 µg 

Manganèse
0,36 mg 

Potassium
260 mg 

",https://www.lesfruitsetlegumesfrais.com/app/uploads/cache/2021/04/oignon-primeur/871216772.png,https://www.lesfruitsetlegumesfrais.com/app/uploads/cache/2021/03/oignon-primeur-2880x1214px/3742583122.jpg
Carotte primeur,"Toujours disponible et très bon marché, la carotte est aujourd’hui le deuxième légume le plus consommé en France, juste derrière la tomate ","Elle renferme de très nombreux minéraux et vitamines. D’après l’adage, elle rendrait même aimable…",,"Mai. à Juin.
",8 jours maximum dans le bac à légumes du réfrigérateur,Mai. à Juin.,"En France
",8 jours maximum dans le bac à légumes du réfrigérateur,40 kcal pour 100g,"

Riche en fibres et vitamine B9 
",6 mois ,"Eau
88,10 g 

Glucides
7,59 g 

Fibres
2,70 g 

Provitamine A Béta-carotène
8290 µg 

Vitamine B9
59,40 µg ", https://www.lesfruitsetlegumesfrais.com/app/uploads/cache/2021/03/rutabaga-fond-blanc-2/1075438429.jpg,https://www.lesfruitsetlegumesfrais.com/app/uploads/cache/2021/04/carotte-primeur-2880x1214px/3504194652.jpg
Rutabaga,Il se cultive comme un chou mais se cuisine… comme un navet.,Le rutabaga est un légume d’hiver peu à peu remis au goût du jour en cuisine. Il se déguste en crudité ou cuisiné.,,octobre à avril,10 jours dans le bac à légumes,"Oct.-Av.
","En France
",10 jours dans le bac à légumes,,,6 mois,, https://www.lesfruitsetlegumesfrais.com/app/uploads/cache/2021/03/rutabaga-fond-blanc-2/1075438429.jpg,https://www.lesfruitsetlegumesfrais.com/app/uploads/cache/2021/03/rutabaga-2880x1214-px/2716792609.jpg
Topinambour,"Éloigné de nos assiettes pendant plusieurs décennies, le topinambour mérite mieux que son surnom de « légume oublié » !","Facile à cuisiner, ce tubercule de couleur brun-rosé à jaune pâle offre une subtile saveur sucrée et un arôme délicat proches de ceux de l’artichaut. S’il a pallié l’absence de pommes de terre durant la Seconde Guerre mondiale avant d’être « oublié », comme le rutabaga, le voici revenu sur nos étals pour notre plus grand plaisir.",,,2 à 3 jours max. dans le bac à légumes,,En France,3 jours max. dans le bac à légumes,81 kcal pour 100g,Riche en vitamine B9,36 mois,"Glucides
16 g 

Fibres
2,20 g 

Vitamine B9
44,30 µg 

Phosphore
64 mg 

Potassium
452 mg 

",https://www.lesfruitsetlegumesfrais.com/app/uploads/cache/2021/03/topinambour-card/545195192.jpg,https://www.lesfruitsetlegumesfrais.com/app/uploads/cache/2021/03/topinambour-2880x1214-px/2295028032.jpg
Panais,Le panais est l’un des légumes anciens qui connait un spectaculaire renouveau.,Il renferme de très nombreux minéraux et vitamines. On peut le consommer cru comme cuit.,,,1 semaine dans le bac à légumes du réfrigérateur.,,En France,7 jours dans le bac à légumes,90 kcal pour 100g,Riche en fibres et vitamine B9,6 mois ,"Eau
73,60 g 

Glucides
16,60 g 

Fibres
5,60 g 

Vitamine B9
80,10 µg 

Vitamine E
1,83 mg 

Potassium
510 mg 

", https://www.lesfruitsetlegumesfrais.com/app/uploads/cache/2021/03/panais-1/4269342543.jpg,https://www.lesfruitsetlegumesfrais.com/app/uploads/cache/2021/03/panais-2880x1214-px/3924915942.jpg
Radis,"Plante potagère annuelle, le radis est une racine comestible originaire d’Asie mineure.","Longues, rondes, petites ou grosses, les différentes variétés proposent une subtile palette de saveurs. Croqué au naturel avec un peu de sel, c’est un pur aliment plaisir reconnu aussi pour ses qualités nutritionnelles. ", ,,Le jour même ,,"En Europe
","Le jour même 
","29 kcal pour 100g (radis noir)

14 kcal pour 100h (radis rouge)
","Vitamine
Riche en vitamine C (radis noir)

Riche en vitamine C et K9 (radis rouge)","12 mois 
","Eau
95,50 g 

Glucides
1,53 g 

Fibres
1,40 g 

Vitamine B9
95,40 µg 

Vitamine C
12,20 mg 

Potassium
250 mg",https://www.lesfruitsetlegumesfrais.com/app/uploads/cache/2021/03/radis-vignette2/171058663.jpg,https://www.lesfruitsetlegumesfrais.com/app/uploads/cache/2021/03/radis-2880x1214-px/301560982.jpg
Pomme de terre,"Consommée depuis le XIXe siècle, la pomme de terre est rapidement devenue le légume préféré des Français. ",La culture de la pomme de terre recouvre une quantité de variétés exceptionnelle. Vous trouverez sur les étals près de 320 variétés dont une vingtaine prédominantes.,,septembre à Mars.,,"Sept.-Mars
","En France
",,,Riche en vitamine B6,6 mois,"Eau
78,30 g 

Glucides
16,70 g 

Fibres
1,80 g 

Vitamine B6
0,34 mg 

Vitamine B9
31,1 µg 

Potassium
363 mg ",https://www.lesfruitsetlegumesfrais.com/app/uploads/cache/2021/03/pomme-de-terre-2/1039121873.jpg,https://www.lesfruitsetlegumesfrais.com/app/uploads/cache/2021/03/pomme-de-terre-2880x1214-px/2444613802.jpg
Asperge,"Blanche, violette ou verte, l’asperge est un délice de printemps à ne pas manquer !","Elle se déguste simplement avec un panaché de vinaigrettes ou se cuisine en gratin, en velouté, etc. Longtemps considérée comme un produit de luxe, elle est aujourd’hui beaucoup plus abordable. ",,,3 jours dans le bac à légumes,,En France,3 jours dans le bac à légumes,"18 kcal pour 100g (asperge blanche)
26 kcal pour 100 g (asperge verte)","Vitamine
Riche en vitamine B9 (asperge blanche)
Riche en vitamine B9 et K1 (asperge verte)
",,"


Eau
94,90 g 

Glucides
1,63 g 

Fibres
1,30 g 

Vitamine B9
66,80 µg 

Cuivre
0,09 mg 
",https://www.lesfruitsetlegumesfrais.com/app/uploads/cache/2021/03/asperges-2/1039624130.jpg,https://www.lesfruitsetlegumesfrais.com/app/uploads/cache/2021/03/asperge-2880x1214-px/3631448942.jpg
Betterave,"La betterave est cultivée en France, aussi bien pour sa variété potagère que pour la sucrière.","Son goût très doux et sucré, délicat, est apprécié en crudités ou cuisiné et accommodé. Pensez à l’intégrer à vos menus hebdomadaires, dès qu’elle est présente sur les étals, pour bénéficier de toutes les vitamines et les nutriments qu’elle contient. ",,,"Crue ou cuite, la betterave rouge se conserve ",,"En France
","Dans le bac à légumes
",42 kcal pour 100g,,6 mois,"Eau
88,30 g 

Glucides
7,13 g 

Fibres
2,50 g 

Potassium
320 mg 

Chlorure
137,06 mg 

",https://www.lesfruitsetlegumesfrais.com/app/uploads/cache/2021/03/betterave-1/2056080339.jpg,https://www.lesfruitsetlegumesfrais.com/app/uploads/cache/2021/03/betterave-2880x1214-px/495950810.jpg
Carotte,"Toujours disponible et très bon marché, la carotte est aujourd’hui le deuxième légume le plus consommé en France, juste derrière la tomate ","Elle renferme de très nombreux minéraux et vitamines. D’après l’adage, elle rendrait même aimable…",,,8 jours dans le bac à légumes ,,En France,"8 jours maximum dans le bac à légumes du réfrigérateur
",40 kcal pour 100g,"Riche en vitamine B9
","6 mois 
","Eau
88,10 g 

Glucides
7,59 g 

Fibres
2,70 g 

Provitamine A Béta-carotène
8290 µg 

Vitamine B9
59,40 µg 

",https://www.lesfruitsetlegumesfrais.com/app/uploads/cache/2021/03/carotte-2/376252629.jpg,https://www.lesfruitsetlegumesfrais.com/app/uploads/cache/2021/03/carotte-2880x1214-px/1550247532.jpg
Céleri-rave,"Connu depuis l’Antiquité, cultivé dès le 16e siècle, le céleri-rave a fait progressivement son entrée dans les cuisines.","Ce légume rustique s’est développé et a imposé sa présence sur les étals grâce à sa chair savoureuse, croquante quand elle est crue, fondante après cuisson. Ce beau céleri tout en rondeur est très concentré en vitamines et minéraux essentiels, tout en étant très peu énergétique. Invitez-le régulièrement dans vos assiettes pour savourer tous les bienfaits de sa chair délicate.",,,"Après achat, le céleri-rave non pelé se conserve très bien dans le bac à légumes du réfrigérateur, jusqu’à 5 ou 6 jours.",,En Europe,6 jours max dans le bac à légumes,29 kcal pour 100g,"Riche en vitamine B9
","A partir de
6 mois 
","Eau
88,80 g 

Glucides
3,98 g 

Fibres
4,50 g 

Vitamine B6
0,20 mg 

Vitamine B9
39 µg 

Potassium
500 mg 

",https://www.lesfruitsetlegumesfrais.com/app/uploads/cache/2021/03/celeri-rave/15965327.jpg,https://www.lesfruitsetlegumesfrais.com/app/uploads/cache/2021/03/celeri-rave-2880x1214-px/3764877270.jpg
Navet,"Avec la carotte et le poireau, le navet est le troisième mousquetaire des légumes dits « basiques »","Originaire d’Europe de l’Est, cette racine gorgée d’eau n’est pas aussi fade que sa réputation le laisse entendre. Au contraire, son goût caractéristique donne une touche indispensable à de nombreuses spécialités régionales comme à des plats très raffinés. Ses qualités nutritionnelles en font un compagnon de votre bien-être, apprécié de l’automne au printemps.",,,3 ou 4 jours dans le bac à légumes,,En France,"3 ou 4 jours dans le bac à légumes
",21 kcal pour 100g,"Riche en vitamines C et B9
",À partir de 12 mois,"Eau
94,20 g 

Glucides
3,23 g 

Fibres
2,10 g 

Vitamine B9
17,10 µg 

Vitamine C
7,25 mg 

Potassium
170 mg 
",https://www.lesfruitsetlegumesfrais.com/app/uploads/cache/2021/03/navet-1/1490031299.jpg,https://www.lesfruitsetlegumesfrais.com/app/uploads/cache/2021/03/navet-2880x1214-px/4273597513.jpg
Oignon,"On ne présente plus l’oignon ! Cru, il dégage un arôme puissant et des saveurs marquées que la cuisson adoucit.","S’invitant dans un nombre impressionnant de préparations, il se prête avec autant de réussite aux plats les plus rustiques (flamiche, gratinée…) qu’aux mets les plus sophistiqués (foie gras poêlé, magret de canard…). Ce bulbe, organe de réserves nutritives pour la plante et sa fleur, présente aussi des qualités nutritionnelles qui vous invitent à conjuguer bien-être et plaisir de la table.",,,"3 ou 4 jours dans le bac à légumes
",,En France,1 à 2 mois à l’air ambiant,40 kcal pour 100g,"Riche en fibres et potassium
",À partir de 6 mois,"Eau
88,10 g 

Glucides
6,73 g 

Fibres
2,80 g 

Cuivre
0,08 mg 

Manganèse
0,13 mg 

Potassium
270 mg 

",https://www.lesfruitsetlegumesfrais.com/app/uploads/cache/2021/03/oignon/3846183269.jpg,https://www.lesfruitsetlegumesfrais.com/app/uploads/cache/2021/03/oignon-2880x1214-px/1454288029.jpg
Poireau,Le poireau se retrouve toute l’année sur les étals des marchés.,"Légume résistant, il entre dans la composition de nombreux plats grâce à son parfum si particulier et à sa saveur aillée. Originaire du Moyen-Orient, il a traversé les siècles pour être aujourd’hui le neuvième légume le plus consommé par les Français.",,,5 jours dans le bac à légumes,,En Europe,"5 jours dans le bac à légumes
",27 kcal pour 100g,"Riche en fibres et vitamine B9
","À partir de
6 mois 
","Eau
91,60 g 

Glucides
2,23 g 

Fibres
3,40 g 

Provitamine A Béta-carotène
343 µg 

Vitamine B9
22,80 µg 

Vitamine E
0,75 mg 

Cuivre
0,08 mg 

",https://www.lesfruitsetlegumesfrais.com/app/uploads/cache/2021/03/poireau/2873295496.jpg,https://www.lesfruitsetlegumesfrais.com/app/uploads/cache/2021/03/poireau-2880x1214-px/3965643123.jpg
Ail,"Consommé depuis des millénaires, l’ail est un condiment très apprécié qui fait depuis longtemps partie de la tradition culinaire française.","Sa culture, très simple, ne demande pas d’attention particulière et les espèces produites en France proposent un large éventail de goûts. En cuisine, ce condiment relève et sublime les saveurs, tout en participant à votre bien-être grâce à ses atouts nutritionnels. ",,,"6 mois à 1 an à l’abri de la lumière
",,En Europe,"6 mois à 1 an à l’abri de la lumière
",130 kcal pour 100g,"Riche en vitamine B6
",,"Eau
63,50 g 

Glucides
22 g 

Fibres
5,80 g 

Vitamine B6
0,94 mg 

Phosphore
150 mg 

Potassium
580 mg 

",https://www.lesfruitsetlegumesfrais.com/app/uploads/cache/2021/03/echalote/2337145550.jpg,https://www.lesfruitsetlegumesfrais.com/app/uploads/cache/2021/03/ail-2880x1214-px/4107339832.jpg
Échalote,"Légume aromatique typiquement français, l’échalote appartient à la famille des oignons.","Sa culture est principalement située dans l’ouest de la France et en Bretagne. Présente sur les étals toute l’année, l’échalote dynamise toutes vos recettes au quotidien, tout en vous prodiguant ses bienfaits.",,,"1 ou 2 mois au sec, frais et ombre 2 à 3 jours dans le bac à légumes
",,En France,"1 ou 2 mois au sec, frais et ombre 2 à 3 jours dans le bac à légumes
",66 kcal pour 100g,,"A partir de
12 mois
","Eau
81,50 g 

Glucides
12,30 g 

Fibres
2,90 g 

Vitamine B6
0,10 mg 

Cuivre
0,09 mg 

Potassium
270 mg 

",https://www.lesfruitsetlegumesfrais.com/app/uploads/cache/2021/03/echalote/2337145550.jpg,https://www.lesfruitsetlegumesfrais.com/app/uploads/cache/2021/03/echalote-2880x1214-px/2219802402.jpg
Salade,La salade est une plante potagère dont on consomme les feuilles le plus souvent crues.,"De la saveur douce de la laitue en passant par le poivré naturel de la roquette ou l’amertume délicate de l’endive, les salades nous en font voir de toutes les saveurs !",,,"L’idéal est de consommer la salade le plus rapidement possible après l’achat pour mieux profiter de sa fraîcheur. Elle se conserve cependant de 3 à 6 jours selon les variétés, entière ou préparée",,En France,3 à 6 jours max dans le bac à légumes,14 kcal pour 100g,Riche en Fibres,"À partir de
12 mois
",,https://www.lesfruitsetlegumesfrais.com/app/uploads/cache/2021/03/fenouil-1/642962539.jpg,https://www.lesfruitsetlegumesfrais.com/app/uploads/cache/2021/07/m932-bd-feuille-de-chene-verte/2678443750.jpg
Épinard,"Plante annuelle originaire du Caucase ou d'Asie Mineure, l'épinard est devenu populaire en France tardivement","Reconnu pour ses qualités nutritionnelles et ses bienfaits énergétiques, il entre dans la composition de plats savoureux. Aliment bien-être, il vaut le coup d'être découvert ou redécouvert pour sa saveur!",,Sept. - Juin,Pas plus de 2 jours au réfrigérateur,Oct.- Mai,En France,Pas plus de deux jours au réfrigérateur,28kcal pour 100g,Riche en vitamines K1,À partir de 12 mois,"Eau        91,90 g
Glucides        <0,85 g
Fibres        3,50 g
Provitamine A Béta-carotène        6680 µg
Vitamine K1        38,10 µg
Manganèse        0,81 mg",https://www.lesfruitsetlegumesfrais.com/app/uploads/cache/2021/03/fenouil-1/642962539.jpg,https://www.lesfruitsetlegumesfrais.com/app/uploads/cache/2021/03/epinard-2880x1214-px/449983996.jpg
Fenouil,"Légume très populaire en Italie, le fenouil se reconnaît à son parfum et à son goût anisé.","Référence symbolique et mythologique depuis l'Antiquité, c'est avant tout un aliment particulièrement intéressant sur le plan nutritionnel. On le retrouve avec plaisi dans des plats salés, mais aussi dans les desserts sucrés.",,Sept. - Juin,"1 semaine dans le bac à légumes
Coupez les tiges et le plumet",Oct.- Mai,En France,Une semaine max dans le bac à légumes,21 kcal pour 100g,Riche en vitamines K1,À partir de 12 mois,"Eau	92,90 g
Glucides	2,63 g
Fibres	2,60 g
Vitamine B9	19,60 µg
Vitamine K1	62,80 µg
Potassium	320 mg",https://www.lesfruitsetlegumesfrais.com/app/uploads/cache/2021/03/fenouil-1/642962539.jpg,https://www.lesfruitsetlegumesfrais.com/app/uploads/cache/2021/03/fenouil-2880x1214-px/2365064489.jpg
Artichaut,"Originaire de l’ouest méditerranéen, l’artichaut est une évolution botanique du chardon.","Cette fleur comestible à la saveur fine garnit les tables au printemps et à l’été. Délicate et généreuse, la chair de l’artichaut est gorgée d’antioxydants. ",,Janv. - Déc.,Quelques jours  dans le bac à légumes,Fév. - Juin,En France,Quelques jours dans le bac à légumes,47 kcal pour 100,Riche en Vitamines B9,,"Eau	81,40 g
Glucides	3,24 g
Fibres	10,90 g
Vitamine B9	52,60 µg
Potassium	480 mg",https://www.lesfruitsetlegumesfrais.com/app/uploads/cache/2021/03/artichaut-2/3057622714.jpg,https://www.lesfruitsetlegumesfrais.com/app/uploads/cache/2021/03/artichaut-2880x1214-px/1742949280.jpg
Blette,"Apparue sur les rives de la Méditerranée, la blette (également nommée bette) est consommée depuis l’Antiquité.","Si sa culture s’est réduite depuis le début du XXe siècle, elle n’en reste pas moins appréciée, pour sa saveur douce et sa texture fondante et on la trouve sur la plupart des marchés. Ce légume très méridional est un délicieux accompagnement qui peut être cuisiné de multiples façons, sans compter qu’il concentre quantité de vertus nutritionnelles.",,Janv. - Déc.,"Les côtes de blettes se conservent très bien au frais, dans le bas du réfrigérateur ",Janv. - Déc.,En France,"Dans le bac à légumes
",16 kcal pour 100g,Riche en Vitamine K1,À partir de 6 mois,"Eau	95,20 g
Fibres	2,50 g
Provitamine A Béta-carotène	1260 µg
Vitamine K1	8,29 µg
Manganèse	0,34 mg
Chlorure	79,6 mg",https://www.lesfruitsetlegumesfrais.com/app/uploads/cache/2021/03/blette/567305745.jpg,https://www.lesfruitsetlegumesfrais.com/app/uploads/cache/2021/03/blette-2880x1214-px/3531537285.jpg
Céleri-branche,"Plante médicinale et aphrodisiaque avant d’entrer en cuisine, le céleri-branche nous régale aujourd’hui de la fin du printemps jusqu'au milieu de l'hiver."," Sa saveur marquée et sa texture croquante le rendent tout aussi délicieux cru que cuit. Par petites touches ou en ingrédient vedette, le céleri-branche se prépare et s’accommode avec facilité, tout en vous permettant de faire le plein de vitalité. Alors, prêt ? Croquez !",,Oct.- Av,"Dans le bac à légumes du réfrigérateur, où il peut séjourner jusqu’à 5 jours",Oct.- Av,En Europe,5 jours dans le bac à légumes,14 kcal pour 100g,,À partir de 6 mois,"Eau	94,30 g
Glucides	2,48 g
Fibres	1,50 g
Potassium	340 mg
Chlorure	170 mg",https://www.lesfruitsetlegumesfrais.com/app/uploads/cache/2021/03/celeri-branche-1/2090354245.jpg,https://www.lesfruitsetlegumesfrais.com/app/uploads/cache/2021/03/celeri-branche/3721952535.jpg
Fève,"Originaire d'Asie centrale, la fève est aujourd'hui cultivée dans le monde entier. Généreuse, c'est un régal pour le palais","Elle se croque crue ou bien cuite. Grâce à sa facilité de conservation sèche, elle fut pendant longtemps un aliment réserve essentiel face aux pénuries alimentaires.",,Av. - Juillet,Pas plus de 2 jours au réfrigérateur,Mai-Juin,En France,2 jours max dans le bac à légumes,82 kcal pour 100g,Riche en vitamine B9,À partir de 12 mois,"Eau	77,90 g
Protéines	8,06 g
Glucides	9,35 g
Fibres	3,10 g
Vitamine B9	65,30 µg
Cuivre	0,31 mg",https://www.lesfruitsetlegumesfrais.com/app/uploads/cache/2021/03/feve-2/44725240.jpg,https://www.lesfruitsetlegumesfrais.com/app/uploads/cache/2021/03/feve-2880x1214-px/1413098986.jpg
Courges et potirons,"Emblématiques de l’automne et de l’hiver, les courges et potirons sont originaires d’Amérique du Sud","Autrefois réservés  aux potagers des particuliers, ils arrivent en force sur les étals depuis plusieurs années. Courges et potirons affichent une large variété de couleurs, de formes et de tailles. ",,Sept. - Mars,Jusqu'à 3 mois dans un endroit frais et sec.,Oct. - Fév,En Europe,3 mois dans un endroit sec et frais,,,À partir de 6 mois,"Eau	90,70 g
Glucides	5,66 g
Fibres	2 g
Provitamine A Béta-carotène	5860 µg
Vitamine B5	0,40 mg
Potassium	330 mg",https://www.lesfruitsetlegumesfrais.com/app/uploads/cache/2021/03/courges-et-potiron2/4061163708.jpg,https://www.lesfruitsetlegumesfrais.com/app/uploads/cache/2021/03/courge-2880x1214-px/44040455.jpg
Potiron,"Symbole d’automne, le potiron est originaire d’Amérique du Sud","Très présent dans les jardins d’antan, il redevient populaire depuis plusieurs années. Ses couleurs, sa forme et ses saveurs se marient à merveille avec tous les plats, traditionnels ou audacieux. Les enfants l’adorent.
",,Janv. - Déc,"Entier et non-entamé, gardez-le dans un endroit frais et sec, idéalement sur une clayette pour une bonne aération",Oct. - Janv,En Europe,,30 kcal pour 100g,,À partir de 12 mois,"Eau	90,70 g
Glucides	5,66 g
Fibres	2 g
Provitamine A Béta-carotène	5860 µg
Vitamine B5	0,40 mg
Potassium	330 mg",https://www.lesfruitsetlegumesfrais.com/app/uploads/cache/2021/03/potiron-1/3600622254.jpg ,https://www.lesfruitsetlegumesfrais.com/app/uploads/cache/2021/03/potiron-2880x1214-px/2591921903.jpg
Courgette,"La courgette est cultivée depuis peu en France, mais elle a su très vite se faire adopter.","Ce légume du soleil qui fleure bon la Méditerranée est présent dans les assiettes tout l’été. Facile à préparer, la courgette se consomme sous toutes ses formes. Et sa richesse en vitamines vous donne de l’énergie à la belle saison.",,Toute l'année,4 ou 5 jours dans un endroit frais et sec,Mars - Sept.,En Europe,4 ou 5 jours dans un endroit frais et sec,23 kcal pour 100g,,À partir de 6 mois,"Eau	93,10 g
Glucides	3,13 g
Fibres	1,70 g
Provitamine A Béta-carotène	415 µg
Vitamine B9	16,40 µg
Potassium	300 mg",https://www.lesfruitsetlegumesfrais.com/app/uploads/cache/2021/03/courgette-1/644948193.jpg,https://www.lesfruitsetlegumesfrais.com/app/uploads/cache/2021/03/courgette-2880x1214-px/1258748992.jpg
Coing,"Connu pour son parfum délicieusement acidulé et sa forme inattendue, le coing a tout pour vous surprendre.","Doté d’une chair très ferme et d’arômes très riches, il est consommé uniquement cuit. Le coing est reconnu pour ses qualités nutritionnelles et sa faible teneur en sucres. Voilà un fruit incontournable pour les amoureux de compotes raffinées et des confitures du matin !",,Sept. - Janv,"Le coing se conserve à la maison à l’air ambiant, dans un espace frais et aéré, pendant plusieurs semaines.",Oct,En France,Plusieurs semaines à l'air ambiant,,,À partir de 24 mois,"Eau	83,50 g
Glucides	13,40 g
Fibres	1,90 g
Vitamine C	15 mg
Cuivre	0,13 mg
Polyphénols totaux	19,23 mg",https://www.lesfruitsetlegumesfrais.com/app/uploads/cache/2021/03/coing1/4072593839.jpg,https://www.lesfruitsetlegumesfrais.com/app/uploads/cache/2021/03/coing-2880x1214-px/688360814.jpg
Poire,"Arrivée en France au XVIe siècle, la poire s’est rapidement imposée dans tout le pays.","Disponible toute l’année, elle se décline en une dizaine de variétés qui se répartissent entre l’été et la saison d’automne-hiver. Peu calorique, elle renferme de nombreux nutriments et des fibres. Dégustez-la à la croque ou dévoilez toute sa douceur dans de nombreux desserts ou dans des recettes salées. Adoptez-la, elle ne vous veut que du bien !",,Août - Mai,2 à 3 jours à l'air ambiant,Sept. - Av,En France,2 à 3 jours à l'air ambiant,54 kcal pour 100g,Riche en vitamine B9,À partir de 24 mois,"Eau	85,30 g
Glucides	11,40 g
Fibres	3,10 g
Vitamine B9	12,60 µg
Cuivre	0,05 mg
Polyphénols totaux	8,32 mg",https://www.lesfruitsetlegumesfrais.com/app/uploads/cache/2021/03/poire-1/1043480204.jpg,https://www.lesfruitsetlegumesfrais.com/app/uploads/cache/2021/03/shutterstock-1543648217/2518291075.jpg
Pomme,"Cultivée dès le Néolithique, la pomme est aujourd'hui le fruit le plus consommé par les Français","Ses techniques de production se sont perfectionnées au cours des siècles, offrant un large éventail de variétés et de saveurs. La pomme rythme tous les moments de la journée, croquée au naturel ou cuisinée pour des mets sucrés ou salés.
",,Sept. - Juin,Plusieurs jours dans le bac à légumes en la sortant un peu avant de la consommer pour qu’elle révèle tous ses parfums.,Oct. - Mai,En France,7 à 8 jours à l’air ambiant,54 kcal pour 100g,Riche en fibres,À partir de 4 mois,"Eau	86,40 g
Glucides	11,20 g
Fibres	1,90 g
Potassium	120 mg
Flavonoïdes	14,52 mg",https://www.lesfruitsetlegumesfrais.com/app/uploads/cache/2021/03/pomme-card/1073341882.jpg,https://www.lesfruitsetlegumesfrais.com/app/uploads/cache/2021/03/pomme-2880x1214-px/4040134837.png
Abricot,"Apparu il y a 5 000 ans, l’abricot est aujourd’hui un fruit apprécié de tous en été.","Les variétés se sont développées au fil des années, multipliant les textures et les saveurs. Cultivé dans le sud-est de la France, l’abricot apparaît aux beaux jours et garnit les étals de sa chair gorgée de soleil.",,Mai. - Août,Quelques jours avant de les consommer afin pour avoir le stade de maturation idéal.,Mai. - Août,En France,Quelques jours avant de les consommer,45 kcal pour 100G,,À partir de 4 mois,"Eau	87,10 g
Glucides	9,01 g
Fibres	1,70 g
Provitamine A Béta-carotène	2350 µg
Potassium	260 mg",https://www.lesfruitsetlegumesfrais.com/app/uploads/cache/2021/03/abricot-1/2481001179.jpg,https://www.lesfruitsetlegumesfrais.com/app/uploads/cache/2021/03/abricot-2880x1214-px/1227694551.jpg
Cerise,"La cerise est le premier fruit à noyau de l’année. Dès l’arrivée des beaux jours, elle est récoltée, triée et emballée à la main avant d’atterrir sur les étals.","Sucrée ou acidulée, elle peut se consommer au choix crue ou cuite. Certes, elle est un peu plus calorique que les autres fruits. Mais elle possède des qualités nutritionnelles dont il serait dommage de se priver !
",,Mai. - Août,"L’idéal est de consommer les cerises le jour-même. Vous pouvez cependant les garder trois jours à température ambiante (hors période de canicule, bien sûr !) et jusqu’à cinq jours au réfrigérateur.",Mai. - Juillet,En France,3 jours à l’air ambiant,55 kcal pour 100g,,"À partir de 6 mois
","Eau	85,70 g
Glucides	13 g
Fibres	1,60 g
Potassium	190 mg
Polyphénols totaux	114,97 mg",https://www.lesfruitsetlegumesfrais.com/app/uploads/cache/2021/03/cerise1/128097539.jpg,https://www.lesfruitsetlegumesfrais.com/app/uploads/cache/2021/03/cerise-2880x1214-px/229484172.jpg
Mirabelle,"Implantée depuis cinq siècles en France, la mirabelle s’est rapidement développée dans l’est du pays.","La production de la mirabelle est labellisée et garantit aujourd’hui la qualité et la saveur du petit fruit doré. Disponible sur les étals dès la mi-août, elle se prête à toutes sortes de déclinaisons salées et sucrées, toujours gourmandes.",,Août - Sept,"Très délicate, la mirabelle doit être consommée rapidement après achat. Elle se garde néanmoins de 3 à 5 jours dans le bac à légumes du réfrigérateur.",Août - Sept,En France,3 à 5 jours dans le bac à légumes,76 kcal pour 100g,Riche en vitamine E,À partir de 6 mois,"Eau	78,10 g
Glucides	18 g
Fibres	2,20 g
Vitamine E	1,52 mg
Potassium	240 mg
Polyphénols totaux	106,49 mg",https://www.lesfruitsetlegumesfrais.com/app/uploads/cache/2021/03/mirabelle-1/2852935874.jpg,https://www.lesfruitsetlegumesfrais.com/app/uploads/cache/2021/03/mirabelle-2880x1214-px/3030279405.jpg
"Pêche, Nectarine","La pêche-nectarine est le 7e fruit le plus consommé en France. Originaire d’Asie, elle est présente sur nos étals depuis le XVe siècle.","Sucrée et très désaltérante, elle fait le régal des gourmands à la belle saison. Elle se consomme nature mais se marie également à de savoureux plats et desserts.",,Mai - Sept,1 semaine à l’air ambiant,Juin - Sept,En France,2 jours à l'air ambiant,46 kcal pour 100g,Riche en vitamine C,À partir de 6 mois,"Eau	86,50 g
Glucides	11,40 g
Fibres	<0,50 g
Vitamine E	1,04 mg
Potassium	210 mg
Polyphénols totaux	17,31 mg",https://www.lesfruitsetlegumesfrais.com/app/uploads/cache/2021/03/peche/112896358.jpg,https://www.lesfruitsetlegumesfrais.com/app/uploads/cache/2021/03/peche-hero/3880867801.jpg
Prune,"Juteuse et désaltérante, la prune est l’alliée fraîcheur de l’été !","Relativement peu calorique, elle peut se consommer sans problème à tout moment de la journée. Les plus gourmands peuvent même la cuisiner : quoi de meilleur qu’une tarte aux prunes ou un clafoutis ? N’hésitez pas : vous ferez le plein de vitamines et de minéraux et votre digestion s’en portera mieux. ",,Juill.-Oct,10 au réfrigérateur,Juill.-Oct,En France,10 jours au réfrigérateur,71 kcal pour 100g,Riche en vitamine E et B9,À partir de 6 mois,"Eau	80,10 g
Glucides	16,40 g
Fibres	1,70 g
Provitamine A Béta-carotène	430 µg
Vitamine B9	18,40 µg
Vitamine E	1,20 mg",https://www.lesfruitsetlegumesfrais.com/app/uploads/cache/2021/03/kiwi-1/308335119.jpg,https://www.lesfruitsetlegumesfrais.com/app/uploads/cache/2021/03/prune-2880x1214-px-1/4253141508.jpg
Kiwi,"Dégusté depuis 2 000 ans en Chine, le kiwi séduit aujourd’hui le monde entier.","En France, il est cultivé dans trois régions, dont l’une détient même un Label Rouge !",,Juin - Oct,"Si vous le choisissez jeune, conservez-le trois à quatre semaines dans le bac à légumes de votre réfrigérateur. Si vous souhaitez le faire mûrir plus rapidement, placez-le dans un compotier à température ambiante, emballé dans un sac en papier.",Nov. - Mai,En France,3 à 4 semaines dans le bac à légumes,60 kcal pour 100g,Riche en vitamine C et K1,À partir de 24 mois,"Eau	83,50 g
Glucides	11 g
Fibres	2,40 g
Vitamine C	81,90 mg
Vitamine K1	16,60 µg
Cuivre	0,15 mg",https://www.lesfruitsetlegumesfrais.com/app/uploads/cache/2021/03/kiwi-1/308335119.jpg,https://www.lesfruitsetlegumesfrais.com/app/uploads/cache/2021/03/kiwi-2880x1214-px/1322410388.jpg
Raisin,"En France, le raisin fait partie des fruits les plus appréciés. On le déguste au petit-déjeuner, à l’apéritif, au déjeuner, au goûter… On le déguste au petit-déjeuner, à l’apéritif, au déjeuner, au goûter… Bref, à chaque heure de la journée !","On le déguste au petit-déjeuner, à l’apéritif, au déjeuner, au goûter… Bref, à chaque heure de la journée ! Apportant vitamines et minéraux, vous auriez tort de vous en priver.",,Juill.-Déc,5 jours dans le bac à légumes,Août - Nov,En France,5 jours dans le bac à légumes,79 kcal pour 100g,,À partir de 6 mois,"Eau	79,40 g
Glucides	16,90 g
Fibres	2 g
Cuivre	0,08 mg
Potassium	150 mg
Polyphénols totaux	40,19 mg",https://www.lesfruitsetlegumesfrais.com/app/uploads/cache/2021/03/raisin-chasselas-346-346-filled/1605301037.jpg,https://www.lesfruitsetlegumesfrais.com/app/uploads/cache/2021/03/raisin-2880x1214-px/3262301156.jpg
Noisette,"Rare sur les étals, la noisette fraîche est un fruit à ne pas manquer !","Son goût est subtil et légèrement lacté, tandis que sa texture se révèle très raffinée. Succombez aussi au croquant fruité de la noisette sèche ! Fruit gourmand, la noisette possède en prime d’excellentes qualités nutritionnelles.
",,Fév. - Août,Plusieurs semaines à l'air libre,Sept. - Jan,"En Espagne, France",Plusieurs semaines à l'air libre,622 kcal pour 100g,Riche en vitamine B9,À partir de 12 mois,"Eau	7,30 g
Fibres	11,60 g
Vitamine B9	65,20 µg
Cuivre	1,70 mg
Manganèse	3,30 mg",https://www.lesfruitsetlegumesfrais.com/app/uploads/cache/2021/03/noisette1/1098352608.jpg,https://www.lesfruitsetlegumesfrais.com/app/uploads/cache/2021/03/noisette-2880x1214-px/597110600.jpg
Figue,"La figue est un festival de couleurs et de saveurs ! Blanche, noire, rouge, violette ou bicolore, elle reste avant tout un fruit gourmand et gorgé de soleil","Oscillant entre saveurs douces et acidulées, sa chair est onctueuse et rafraîchissante. Grâce à sa modeste teneur en sucre et à la qualité de ses apports nutritionnels, la figue participe à un régime alimentaire diversifié.",,Mai - Nov.,4 jours à l’air libre et 8 jours au réfrigérateur.,Aoû. - Oct,En France,4 jours à l’air libre et 8 jours au réfrigérateur.,,Riche en vitamine B9,À partir de 12 mois,"Eau	80,20 g
Glucides	13,50 g
Fibres	4,10 g
Vitamine B9	24,50 µg
Cuivre	0,08 mg
Potassium	230 mg",https://www.lesfruitsetlegumesfrais.com/app/uploads/cache/2021/03/figue1/2763194982.jpg,https://www.lesfruitsetlegumesfrais.com/app/uploads/cache/2021/03/figue-2880x1214-px/3883398379.jpg
Germe de haricot mungo Soja vert,"Originaire d’Asie où il est utilisé dans la préparation du vermicelle, le haricot mungo a été introduit en France suite à l’engouement pour la cuisine exotique.","Encore parfois confondu avec le soja, il se consomme en germes ou en pousses. Fraîcheur, croquant et facilité à cuisiner séduisent petits et grands.",,Toute l'année,2 jours dans le bac à légumes,Toute l'année,En France,2 jours dans le bac à légumes,29 kcal pour 100g,Riche en vitamine B9,À partir de 24 mois,"Eau	91,70 g
Glucides	3,40 g
Fibres	1,70 g
Vitamine B9	61,30 µg
Cuivre	0,10 mg
Polyphénols totaux	15,45 mg",https://www.lesfruitsetlegumesfrais.com/app/uploads/cache/2021/03/haricot-mungo/948549129.jpg,https://www.lesfruitsetlegumesfrais.com/app/uploads/cache/2021/03/germe-de-soja-2880x1214-px/3744019955.jpg
Haricot vert,"Originaire d’Amérique du Sud, le haricot vert est devenu un légume de base de la cuisine en France.","Présenté en fagot, en salade ou en purée, il est bien plus qu’un accompagnement passe-partout. Colorées, croquantes ou fondantes, les différentes variétés allient plaisir et arguments nutritionnels.",,Mar. - Oct.,3 à 4 jours dans le bac à légumes,Juin - Oct.,En France,3 à 4 jours dans le bac à légumes,28 kcal pour 100g,Riche en vitamine B9,À partir de 6 mois,"Eau	90,80 g
Glucides	3,39 g
Fibres	3,20 g
Vitamine B9	49,50 µg
Manganèse	0,19 mg
Potassium	260 mg",https://www.lesfruitsetlegumesfrais.com/app/uploads/cache/2021/03/haricot-vert/1974795466.jpg,https://www.lesfruitsetlegumesfrais.com/app/uploads/cache/2021/03/haricot-vert-2880x1214-px/2369423649.jpg
Lentille,"Graine de légumineuse, la lentille est présente dans l’alimentation des hommes depuis la Préhistoire.","Bien adaptées aux sols pauvres, les nombreuses variétés se déclinent en plusieurs couleurs. Servie en entrée, en soupe ou en accompagnement, la lentille vous aide à garder la forme grâce à ses qualités nutritionnelles.",,Toute l'année,A l'abri de la lumière et de l'humidité,Toute l'année,En France,1 à 2 jours dans le bac à légumes,,,À partir de 12 mois,,https://www.lesfruitsetlegumesfrais.com/app/uploads/cache/2021/03/lentille-1/897432628.jpg,https://www.lesfruitsetlegumesfrais.com/app/uploads/cache/2021/03/lentille-2880x1214-px/2206316862.jpg
Petit pois,"Légume printanier par excellence, le petit pois frais sait se faire désirer.","Traditionnellement consommé sec, il a vu les techniques de production évoluer et se décline aujourd’hui en d’innombrables variétés aux qualités diverses. Ses qualités nutritionnelles originales en font un aliment de plaisir et de bien-être.",,Jan. - Sept. ,2 jours max dans le bac à légumes,Avr. - Juill.,En Europe,2 jours max dans le bac à légumes,80 kcal pour 100g,RIche en fibres et vitamine B9,À partir de 6 mois,"Eau	77,40 g
Glucides	9,93 g
Fibres	4,80 g
Vitamine B9	38,20 µg
Manganèse	0,29 mg
Phosphore	100 mg",https://www.lesfruitsetlegumesfrais.com/app/uploads/cache/2021/03/petit-pois/1190432531.jpg,https://www.lesfruitsetlegumesfrais.com/app/uploads/cache/2021/03/petit-pois-2880x1214-px/485940413.jpg
Pois gourmand,"Variété de petits pois dont on consomme la gousse, le pois gourmand occupe une place de choix dans l’alimentation depuis des siècles.","Largement importé, il est apprécié au printemps. Sa saveur printanière est un régal dans des préparations simples et traditionnelles. On l’appelle aussi pois mange-tout ou princesse. Légume plaisir, il est l’allié de votre bien-être grâce à ses qualités nutritionnelles atypiques.",,Toute l'année,A consommer le jour même,Toute l'année,En France,A consommer le jour même,30 kcal pour 100g,RIche en fibres et vitamine C,À partir de 6 mois,"Eau	90,90 g
Glucides	3,39 g
Fibres	2,80 g
Vitamine B9	56 µg
Vitamine C	20,60 mg
Vitamine K1	3,87 µg",https://www.lesfruitsetlegumesfrais.com/app/uploads/cache/2021/03/pois-gourmand-1/736557656.jpg,https://www.lesfruitsetlegumesfrais.com/app/uploads/cache/2021/03/pois-gourmand-2880x1214-px/1443270389.jpg
Avocat,Douceur et onctuosité de la chair de l’avocat en font un partenaire gourmand au quotidien.,"Facile à consommer, il est présent sur les étals toute l’année pour contenter votre gourmandise et favoriser votre bien-être.",,Toute l'année,Jusqu'à 5 jours à l'air ambiant,Mar. - Juill.,En France,Jusqu'à 5 jours à l'air ambiant,205 kcal pour 100g,Riche en vitamine B9,À partir de 12 mois,"Eau	70,30 g
Glucides	0,83 g
Fibres	3,60 g
Vitamine B9	70,40 µg
Vitamine K1	14,50 µg
Potassium	430 mg",https://www.lesfruitsetlegumesfrais.com/app/uploads/cache/2021/03/avocat1/2705499672.jpg,https://www.lesfruitsetlegumesfrais.com/app/uploads/cache/2021/03/avocat-2880x1214-px/2397980249.jpg
Grenade,La grenade est l'un des plus anciens fruits connus. Elle est récoltée depuis des millénaires autour du bassin méditerranéen.,"Aliment plaisir grâce à son parfum subtil, la grenade donne un agréable petit brin de fantaisie et d’exotisme. Ses couleurs vives apportent un rayon de soleil dans vos assiettes et ses apports nutritifs participent à notre bien-être.",,Aoû. - Fév.,Une grande se garde à la maison pendant 10 jours à l'air libre,Aoû. - Fév.,En France et en Europe,10 jours à l'air libre,80 kcal pour 100g,Riche en vitamine C,À partir de 12 mois,"Eau	79,40 g
Glucides	14,30 g
Fibres	2,30 g
Vitamine C	9,02 mg
Cuivre	0,11 mg
Potassium	230 mg",https://www.lesfruitsetlegumesfrais.com/app/uploads/cache/2021/03/grenade/3308690707.jpg,https://www.lesfruitsetlegumesfrais.com/app/uploads/cache/2021/03/grenade-2880x1214-px/1105854978.jpg
Figue de Barbarie,"Fruit d'un cactus mexicain et non d’un ficus, la figue de Barbarie a une saveur subtile, douce et légèrement sucrée.","De couleur jaune orangée à maturité, le fruit est de forme oblongue. Aliment plaisir de la fin d’été, la figue de Barbarie accompagne avec succès le sucré comme le salé. Alors, osez l’exotisme, et vous bénéficierez en plus de ses remarquables qualités nutritionnelles.",,Aoû. - Oct.,"Gardez vos figues de Barbarie dans le bac à légumes de votre réfrigérateur pendant deux à trois jours. Mais guère plus ! Dans l’idéal, consommez les figues de Barbarie sans attendre.",Aoû. - Oct.,En France,4 à 5 jours dans le bac à légumes,,Riche en vitamine C,À partir de 24 mois,"Eau	88,40 g
Glucides	6 g
Fibres	4,45 g
Vitamine C	12,50 mg
Magnésium	77 mg
Manganèse	0,58 mg",https://www.lesfruitsetlegumesfrais.com/app/uploads/cache/2021/03/figue-barbarie/3731148751.jpg,https://www.lesfruitsetlegumesfrais.com/app/uploads/cache/2021/03/figue-de-barbarie-2880x1214-px/921533564.jpg
Datte,"Sous ses belles couleurs ambrées, la datte révèle une chair savoureuse qui ravira les papilles.","Qu’elle soit sèche ou fraîche, elle est toujours non seulement délicieuse, mais aussi facile à manger ! Selon les variétés, sa chair se révèle plus ou moins moelleuse et sucrée. La datte évoque en prime le raffinement des traditions culinaires orientales.",,Toute l'année,Quelques jours à l'air libre et à température ambiante,Oct. - Déc.,En France,À température ambiante,,,À partir de 12 mois,,https://www.lesfruitsetlegumesfrais.com/app/uploads/cache/2021/03/datte1/439683111.jpg,https://www.lesfruitsetlegumesfrais.com/app/uploads/cache/2021/03/datte-2880x1214-px/3315807673.jpg
Groseille,"Baie rafraîchissante gorgée de jus, la groseille vous taquine les papilles.","Prenez une grappe bien rouge, croquez-en les grains et laissez leur saveur acidulée exploser en bouche ! Idéal pour les apéritifs et les desserts estivaux, ce fruit ajoute aussi sa note vitaminée à vos petits plats. Alors prenez prétexte des excellents apports nutritionnels de la groseille pour vous faire plaisir !",,Juin - Sept.,Au réfrigérateur pendant 2 à 3 jours,Juin - Sept.,En France,2 à 3 jours dans le bac à légumes,68 kcal pour 100g,Riche en vitamine C,À partir de 24 mois,"Eau	82,10 g
Glucides	7,06 g
Fibres	4,60 g
Vitamine B5	0,65 mg
Vitamine C	29,80 mg
Potassium	230 mg",https://www.lesfruitsetlegumesfrais.com/app/uploads/cache/2021/03/groseille/4034276476.jpg,https://www.lesfruitsetlegumesfrais.com/app/uploads/cache/2021/03/groseille-2880x1214-px/2434494109.jpg
Mûre,"Petite baie juteuse de couleur violet foncé au goût acidulé et sucré, la mûre évoque le grignotage au bord des haies sauvages.","Fruit gourmand par excellence, la mûre est également cultivée. Plus douce et plus sucrée, la mûre de culture offre, elle aussi, tout un panel de saveurs. Le petit fruit à la belle robe sombre est une habituée de la cuisine. Elle est aussi une alliée incontournable de votre bien-être.",,Juil. - Oct.,La mûre se conserve 2 à 3 jours dans le bac à légumes du réfrigérateur.,Juil. - Oct.,En France,2 à 3 jours dans le bac à légumes,"45 kcal pour 100g (mûre de ronce)

45 kcal pour 100g (mûre noire)",Riche en vitamine K1 (mûre de ronce) Riche en vitamine C (mûre noire),À partir de 12 mois,"Eau	86,10 g
Glucides	6,53 g
Fibres	5,20 g
Vitamine K1	14,10 µg
Manganèse	1,10 mg
Polyphénols totaux	256,67 mg",https://www.lesfruitsetlegumesfrais.com/app/uploads/cache/2021/03/mure-card/3556255549.jpg,https://www.lesfruitsetlegumesfrais.com/app/uploads/cache/2021/03/mure-desktop/15598704.jpg
Myrtille,"Petite baie gourmande, la myrtille vous séduira par sa jolie teinte bleu-noir et son goût parfumé, légèrement sucré et acidulé.","Fruit d’une plante sauvage peu à peu cultivée, la myrtille évoque les confitures d’antan mais offre aussi, par ses saveurs fraîches, florales et boisées, un large éventail de possibilités culinaires.",,Jui. - Sept.,"La myrtille est l’un des fruits rouges les moins fragiles. Bien à l’abri dans leur barquettes et au frais, les myrtilles se conservent jusqu’à une semaine.",Jui. - Sept.,En France,1 semaine au frais,57 kcal pour 100g,Riche en vitamine C,À partir de 12 mois,"Eau	84,20 g
Glucides	10,60 g
Fibres	2,40 g
Vitamine C	9,70 mg
Vitamine K1	19,30 µg
Manganèse	0,34 mg",https://www.lesfruitsetlegumesfrais.com/app/uploads/cache/2021/03/myrtille1/2140721253.jpg,https://www.lesfruitsetlegumesfrais.com/app/uploads/cache/2021/03/myrtille-2880x1214-px/2859250339.jpg
Cassis,La production du cassis est fortement implantée en France.,"Deux grandes variétés composent la majorité des cultures, concentrées dans quatre régions françaises. Ses fruits acidulés et juteux se consomment aussi bien nature que préparés en dessert ou sous forme de liqueur (1) et de crème. ",,Aoû. - Sept.,Le cassis se consomme rapidement après achat. Il se conserve dans le bac à légumes du réfrigérateur pendant 24 à 48 h. Pensez à sortir les baies 30 minutes avant la dégustation pour qu’elles récupèrent toute leur richesse aromatique.,Aoû. - Sept.,En France,1 à 2 jours dans le bac à légumes,71 kcal pour 100g,Riche en vitamine C,,"Eau	80,50 g
Glucides	9,68 g
Fibres	5,80 g
Vitamine C	181 mg
Vitamine E	2,10 mg",https://www.lesfruitsetlegumesfrais.com/app/uploads/cache/2021/03/cassis-1/3094331326.jpg,https://www.lesfruitsetlegumesfrais.com/app/uploads/cache/2021/03/cassis-2880x1214-px/408235320.jpg
Fraise,"Chaque année au printemps, les fraises font leur retour sur les étals, et ce pour notre plus grand plaisir !","Elles redonnent des couleurs à nos assiettes, émoustillent nos papilles… et surtout nous apportent une bonne dose de vitamines et d’antioxydants. Peu caloriques, elles peuvent même se consommer sans modération. Il ne vous reste plus qu’à trouver la variété la plus à votre goût…",,Fév. - Août,"L’idéal est de déguster les fraises sitôt le retour du marché. On peut cependant les conserver 48 heures au frais, entières, non équeutées, dans leur barquette.",Mar. - Juin,En France,2 jours max dans le bac à légumes,38 kcal pour 100g,Riche en vitamine C,À partir de 6 mois,"Eau	90,30 g
Glucides	6,03 g
Fibres	3,80 g
Vitamine B9	98,90 µg
Vitamine C	54 mg",https://www.lesfruitsetlegumesfrais.com/app/uploads/cache/2021/03/fraise-2/1261003917.jpg,https://www.lesfruitsetlegumesfrais.com/app/uploads/cache/2021/03/fraise-2880x1214-px/1897306902.jpg
Framboise,"Sensuelle et charnue, la framboise possède une saveur parfumée et suave.","La framboise se déguste nature ou cuisinée, mais reste fragile. Ce petit fruit rouge présente un apport calorique modéré : avec elle, alliez plaisir en bouche et bien-être !",,Avr. - Nov.,"Conservez-les au réfrigérateur, mais pas plus d’un jour ou deux maximum, et dans une boîte hermétique, sans les tasser.",Mai - Oct.,En France,2 jours max dans le bac à légumes,"49,2 kcal pour 100g",Riche en vitamine C et B9,À partir de 6 mois,"Eau	86,80 g
Glucides	5,83 g
Fibres	4,30 g
Vitamine B9	38,10 µg
Vitamine C	18,70 mg
Manganèse	0,44 mg",https://www.lesfruitsetlegumesfrais.com/app/uploads/cache/2021/03/framboise/3524863791.jpg,https://www.lesfruitsetlegumesfrais.com/app/uploads/cache/2021/03/framboise-2880x1214-px/3696042047.jpg
Orange,"Présente sur les étals tout l’hiver, l’orange est l’un des fruits préférés des Français.","Son goût sucré légèrement acidulé excite les papilles. Consommée quotidiennement, elle apporte les vitamines nécessaires pour lutter contre le froid et la fatigue. Un concentré d’énergie et de bien-être à croquer et à boire !",,Oct.- Juin,1 semaine à l’air ambiant et 10 jours dans le bac à légumes du réfrigérateur ,Nov. - Mai,En France,1 semaine à l'air libre,45 kcal pour 100g,Riche en vitamine C et B9,À partir de 12 mois,"Eau	87,30 g
Glucides	8,03 g
Fibres	2,70 g
Vitamine B9	25,90 µg
Vitamine C	47,50 mg
Polyphénols totaux	48,85 mg",https://www.lesfruitsetlegumesfrais.com/app/uploads/cache/2021/03/orange1/1046487394.jpg,https://www.lesfruitsetlegumesfrais.com/app/uploads/cache/2021/03/orange-2880x1214-px/1087197650.jpg
"Clémentine, Mandarine","Née au début du XXe siècle, la clémentine a rapidement fait sa place dans le quotidien des Français.","Sa saveur douce et sa richesse en vitamines font de ce fruit hivernal un atout vitalité. Dégustée telle quelle ou travaillée en version sucrée ou salée, la clémentine met de l’énergie dans les assiettes !
",,Oct. - Mai,"Si vous désirez la conserver plus longtemps (10 jours en moyenne), glissez-la dans le bac à légumes du réfrigérateur.",Nov. - Mars,En France,6 jours à l'air ambiant,47 kcal pour 100g,Riche en vitamine B9,À partir de 24 mois,"Eau	87 g
Glucides	9,17 g
Fibres	1,70 g
Vitamine B9	27,60 µg
Vitamine C	49,20 mg",https://www.lesfruitsetlegumesfrais.com/app/uploads/cache/2021/03/clementine/1987036279.jpg,https://www.lesfruitsetlegumesfrais.com/app/uploads/cache/2021/03/clementine-2880x1214-px/25725859.jpg
"Citron, Citron vert","Le citron occupe une place de choix dans nos cuisines. On l'aime pour sa chair juteuse, sa saveur qui oscille entre acide et amère, et sa belle couleur jaune doré","Plein de caractère, le citron vert est un fruit tropical. Festif et convivial, il possède un arôme caractéristique qui dynamise vos plats et cocktails. En prime, ce fruit regorge d’atouts pour votre bien-être",,Toute l'année,"7 à 8 jours à l’air libre et une dizaine de jours au frigo dans le bac à légumes
",Déc. - Mai,En France,7 à 8 jours à l'air ambiant,27 kcal pour 100g,Riche en vitamine C,À partir de 24 mois,"Eau	91,30 g
Glucides	1,56 g
Fibres	<0,50 g
Vitamine B9	28,40 µg
Vitamine C	45 mg",https://www.lesfruitsetlegumesfrais.com/app/uploads/cache/2021/03/citron-citron-vert-1/2986435731.jpg,https://www.lesfruitsetlegumesfrais.com/app/uploads/cache/2021/03/citron-2880x1214-px/267494675.jpg
Pignon de pin,Le pignon de pin fait partie de notre alimentation depuis des millénaires.,"Ce petit fruit à coque est cultivé sur les rivages de la Méditerranée, dont elle apprécie la chaleur et le climat clément. Le goût généreux et savoureux du pignon de pin se marie facilement et parfume agréablement tous types de préparations, de l’entrée au dessert. Sa richesse en vitamines, oligo-éléments et nutriments essentiels en fait un concentré d’énergie à parsemer dans vos recettes.",,Toute l'année,Dans un endroit frais et sec,Toute l'année,En France,Dans un endroit frais et sec,,,,,https://www.lesfruitsetlegumesfrais.com/app/uploads/cache/2021/03/pignon-de-pin-1/2108961810.jpg,https://www.lesfruitsetlegumesfrais.com/app/uploads/cache/2021/03/pignon-de-pin-2880x1214-px/3413795389.jpg
Amande,L’amande se grignote à tout moment de la journée et vous régale de ses bienfaits.,"Ce petit en-cas se glisse également dans nombre de recettes gourmandes, salées ou sucrées.",,Toute l'année,Quelques jours à l'air ambiant,Sept. - Oct,En France,Quelques jours à l'air ambiant,600 kcal pour 100g,Riche en vitamine E,,"Protéines	22,60 g
Glucides	9,51 g
Fibres	12,50 g
Vitamine E	22,30 mg
Cuivre	0,96 mg",https://www.lesfruitsetlegumesfrais.com/app/uploads/cache/2021/03/amande1/2377890830.jpg,https://www.lesfruitsetlegumesfrais.com/app/uploads/cache/2021/03/amande-2880x1214-px/2836284654.jpg
Châtaigne,"Connu depuis des millénaires, le châtaignier est toujours considéré comme un arbre nourricier.","Plusieurs centaines de variétés peuplent aujourd’hui les forêts françaises. Délicieuse et généreuse, la châtaigne participe à votre bien-être grâce à sa richesse en nutriments et minéraux essentiels.",,Juin - Fév,"Aliment à la fois rustique et raffiné, la châtaigne se conserve, une fois épluchée, entre 4 et 5 jours dans le bac du réfrigérateur.",Oct. - Déc.,En France,4 à 5 jours dans le bac à légumes,144 kcal pour 100g,Riche en vitamine B9,À partir de 12 mois,"Eau	62,70 g
Glucides	28,80 g
Fibres	4 g
Vitamine B9	58 µg
Potassium	359 mg
Polyphénols totaux	1215,27 mg",https://www.lesfruitsetlegumesfrais.com/app/uploads/cache/2021/03/chataigne/1691498868.jpg,https://www.lesfruitsetlegumesfrais.com/app/uploads/cache/2021/03/chataigne-2880x1214-px/3595028037.jpg
Noix,L’origine de la noix est très ancienne. La France est aujourd’hui l’un des plus grands producteurs européens et se distingue par ses deux AOC qui récompensent deux régions productrices.,"Ce fruit est aussi délicieux à croquer qu’intégré à toutes vos recettes, salées et sucrées, auxquelles il apporte une touche goûteuse et croquante.",,Avr. - Oct.,"2 jours dans le bac à légumes pour les noix fraîches. A contrario, ne stockez pas les noix sèches au frais… elles perdraient tout leur goût !",Déc. - Mars,En France,2 jours dans le bac à légumes pour les noix fraîches,700 kcal pour 100g,Riche en vitamine B9,,"Eau	4 g
Fibres	6,70 g
Vitamine B9	120 µg
Cuivre	1,10 mg
Manganèse	2,90 mg",https://www.lesfruitsetlegumesfrais.com/app/uploads/cache/2021/03/noix1/3619839104.jpg,https://www.lesfruitsetlegumesfrais.com/app/uploads/cache/2021/03/noix-2880x1214-px/4248850213.jpg
Mâche,"Avec la laitue et la chicorée, la mâche constitue la troisième grande famille de salades.","Ces rosettes de feuilles rondes, d’un beau vert foncé et brillant, sont charnues et croquantes. Originaire du bassin méditerranéen, la mâche fait figure de salade hivernale de référence sur les étals, même si elle se consomme tout au long de l’année. Son goût subtil et raffiné vous régale lorsqu’elle est crue, en salade, mais aussi cuite, en velouté et en accompagnement.",,Oct. - Mai,1 à 2 jours dans le bac à légumes,Déc. - Avril,En France,2 à 3 jours au réfrigérateur,16 kcal pour 100g,Riche en vitamine K1,À partir de 24 mois,"Eau	93,70 g
Glucides	0,50 g
Fibres	2,30 g
Provitamine A Béta-carotène	3280 µg
Vitamine B9	45,50 µg
Vitamine K1	48,90 µg",https://www.lesfruitsetlegumesfrais.com/app/uploads/cache/2021/03/mache/2560920306.jpg,https://www.lesfruitsetlegumesfrais.com/app/uploads/cache/2021/03/mache-2880-1214-px/3403910426.jpg
Pourpier,"Très présent dans les jardins d’ornementation ou recherché par les phytothérapeutes, le pourpier reste relativement méconnu en tant qu’aliment.",C’est un légume pourtant très intéressant à la fois sur le plan diététique et sur le plan gustatif. Vous connaissiez ?,,Avr. - Nov.,2 jours max dans le bac à légumes,Avr. - Nov.,En France,2 jours max dans le bac à légumes,,,,,https://www.lesfruitsetlegumesfrais.com/app/uploads/cache/2021/03/pourpier/985924548.jpg ,https://www.lesfruitsetlegumesfrais.com/app/uploads/cache/2021/03/pourpier-2880x1214-px/3520059511.jpg
Laitue,"Qui ne connait pas la laitue ? Cinquième légume le plus consommé des français, elle est aussi l’un des plus populaires dans le monde.","La Lactuca sativa regroupe plusieurs centaines de variétés ; guère étonnant puisqu’elle est cultivée depuis la plus lointaine Antiquité. Croquante ou fondante, charnue ou légère, elle se déguste surtout en salade, mais se prête à bon nombre de préparations cuites. ",,Toute l'année,"1 à 2 jours dans le bac à légumes

",Mai. - Sept.,En France,1 à 2 jours dans le bac à légumes,"Laitue 14 kcal pour 100g

Laitue romaine 17 kcal pour 100g",Riche en vitamine K1,À partir de 12 mois,"Eau	95,30 g
Glucides	1,33 g
Fibres	1,20 g
Provitamine A Béta-carotène	3640 µg
Vitamine B9	43,50 µg
Vitamine K1	123 µg",https://www.lesfruitsetlegumesfrais.com/app/uploads/cache/2021/03/laitue-2/385152272.jpg,https://www.lesfruitsetlegumesfrais.com/app/uploads/cache/2021/03/laitue-2880x1214-px/1721205995.jpg
Chicorée,Peut-être êtes-vous de ceux qui n’imaginent pas un repas sans salade ?,"Dans ce cas, vous connaissez très certainement les chicorées, ces salades au goût amer ! En France, on trouve surtout des scaroles, des frisées et des endives.",,Toute l'année,2 jours au frais dans une boîte hermétique,Oct. - Fév.,En France,2 jours dans le bac à légumes,,,,,https://www.lesfruitsetlegumesfrais.com/app/uploads/cache/2021/03/chicoree-1/1548389300.jpg,https://www.lesfruitsetlegumesfrais.com/app/uploads/cache/2021/03/chicoree-2880x1214-px/4223337323.jpg
Cresson,"Autrefois consommé sauvage, le cresson est aujourd’hui cultivé, en petite quantité, dans la moitié nord du pays.","Sa production, très délicate, explique encore la faible superficie d’exploitation. Présente toute l’année sur les étals, cette exquise petite salade accompagne et sublime vos recettes salées. Et pour ne rien gâcher, le cresson est riche en vitamines et minéraux !",,Toute l'année,2 jours dans le bac à légumes,Sept. - Mai,En France,2 jours max dans le bac à légumes,14 kcal pour 100g,Riche en vitamines K1 et C,À partir de 6 mois,"Eau	94,60 g
Glucides	0,90 g
Fibres	0,85 g
Provitamine A Béta-carotène	1910 µg
Vitamine C	51,50 mg
Vitamine K1	250 µg",https://www.lesfruitsetlegumesfrais.com/app/uploads/cache/2021/03/cresson/1167870106.jpg,https://www.lesfruitsetlegumesfrais.com/app/uploads/cache/2021/03/cresson-2880x1214-px/1474135244.jpg
Endive,"Pas besoin d’être chti pour aimer le chicon ! Croquant cru et fondant cuit, ce délicieux légume issu de l’amélioration d’une chicorée sauvage est typique du nord de la France.","Sa culture nécessite un savoir-faire pointu, grâce auquel l’endive (ainsi qu’on l’appelle partout ailleurs) vous apporte ses bienfaits nutritionnels.",,Sept. - Mai,"6 jours dans le bac à légumes, loin de la lumière",Oct. - Avril,En France,6 jours dans le bac à légumes du réfrigérateur,20 kcal pour 100g,Riche en vitamines B9,À partir de 6 mois,"Eau	94,30 g
Glucides	2,83 g
Fibres	1,10 g
Vitamine B9	25,60 µg
Potassium	150 mg
Polyphénols totaux	8,94 mg",https://www.lesfruitsetlegumesfrais.com/app/uploads/cache/2021/03/endive-1/4108630791.jpg,https://www.lesfruitsetlegumesfrais.com/app/uploads/cache/2021/03/rectangle-198/938234622.png
Aubergine,Ce légume se prête à tous types de cuisson et accompagne à merveille tous vos petits plats !,"La plus fréquente sur les étals est l’aubergine violette, à la chair blanche et moelleuse.",,Mar. - Nov.,Dans un endroit frais entre 10 et 12°C,Mai - Sept.,En France,Dans un endroit frais entre 10 et 12°C,33 kcal pour 100g,Riche en vitamine B5,À partir de 6 mois,"Eau	91 g
Glucides	3,83 g
Fibres	1,90 g
Vitamine B5	0,52 mg
Potassium	310 mg",https://www.lesfruitsetlegumesfrais.com/app/uploads/cache/2021/03/aubergine-2/4187278311.jpg,https://www.lesfruitsetlegumesfrais.com/app/uploads/cache/2021/03/aubergine-2880x1214-px/498621183.jpg
Pastèque,"Apparue sous le soleil d’Afrique, la pastèque est aujourd’hui très appréciée tout l’été sur les étals français.","Sa chair sucrée et parfumée est disponible sur les étals français toute l’année. Ce fruit est délicieux nature, gratiné ou assaisonné. Sa richesse en vitamines combinée à sa légèreté en font un fruit idéal au quotidien, qui vous apportera tonus et vitalité !",,Mai - Sept,7 jours à l'air ambiant,Juin - Août,En France,7 jours à l'air ambiant,38 kcal pour 100g,Riche en vitamine C,À partir de 12 mois,"Eau	91 g
Glucides	8,33 g
Fibres	0,50 g
Provitamine A Béta-carotène	1220 µg
Vitamine C	4,26 mg
Polyphénols totaux	1,93 mg",https://www.lesfruitsetlegumesfrais.com/app/uploads/cache/2021/03/pasteque-card/322892771.jpg,https://www.lesfruitsetlegumesfrais.com/app/uploads/cache/2021/03/pasteque-2880x1214-px/3865476599.jpg
Concombre,"Accessible à tous les porte-monnaie, le concombre est par ailleurs facile à préparer et peu calorique.","Chaque année, il remporte un vif succès. En France, nous en consommons environ 1,8 kilos par an et par personne. Cru ou cuit, apprenez à varier les plaisirs !",,Mar. - Oct.,7 jours max dans le bac à légumes,Avr. - Août,En France,7 jours max dans le bac à légumes,14 kcal pour 100g,,À partir de 12 mois,"Eau	96,30 g
Glucides	2,23 g
Fibres	0,80 g
Manganèse	0,11 mg
Potassium	140 mg",https://www.lesfruitsetlegumesfrais.com/app/uploads/cache/2021/03/concombre-346-346-filled/2804657352.jpg,https://www.lesfruitsetlegumesfrais.com/app/uploads/cache/2021/03/concombre-2880x1214-px/1231310860.jpg
Poivron,"Symbole d’été, de vacances et de grillades, le poivron arbore ses couleurs joyeuses sur les marchés.","Légume-fruit comme la tomate, il s’intègre facilement dans toutes les recettes gorgées de soleil… Peu calorique, il est également apprécié pour ses vitamines.",,Jan. - Nov.,Le poivron se garde plutôt bien… tout dépend de votre gourmandise. Il reste 8 jours dans le bac à légumes sans problème.,Avr. - Août,En France,8 jours dans le bac à légumes,"35 kcal pour 100g (poivron rouge)

28 kcal pour 100g (poivron vert)

35 kcal pour 100g (poivron jaune)","Riche en vitamine C (poivron rouge)

Riche en vitamine C (poivron vert)

Riche en vitamines C et B9 (poivron jaune)",À partir de 6 mois,"Eau        90,50 g
Glucides        5,33 g
Fibres        2,20 g
Vitamine B9        57,10 µg
Vitamine C        126 mg
Vitamine E        2,12 mg",https://www.lesfruitsetlegumesfrais.com/app/uploads/cache/2021/03/poivron-1/980159236.jpg,https://www.lesfruitsetlegumesfrais.com/app/uploads/cache/2021/03/poivron-2880x1214-px/740920375.jpg
Tomate,La tomate colore les étals de nos marchés et nos assiettes tout au long de l’année.,"Très simple à consommer, elle se prête à une infinité de préparations. Très riche au niveau nutritionnel, elle a de véritables atouts bien-être. Toutes ses qualités en font le légume le plus consommé en France.",,Mar. - Oct.,3 à 4 jours à l'air ambiant,Avr. - Août,En France,3 à 4 jours à l'air ambiant,"33 kcal pour 100g (tomate cerise)

19 kcal pour 100g (tomate côtelée et cœur de bœuf)

20 kcal pour 100g (tomate grappe)

20 kcal pour 100g (tomate ronde)","Riche en vitamine C (tomate cerise)

Riche en vitamine B9 (Tomate côtelée et cœur de bœuf)

Riche en vitamine C (tomate grappe)

Riche en vitamine C (tomate ronde)",À partir de 12 mois,"Eau	90,10 g
Glucides	5,62 g
Fibres	1,20 g
Vitamine C	21,80 mg
Potassium	330 mg",https://www.lesfruitsetlegumesfrais.com/app/uploads/cache/2021/03/tomate-card/1157650828.jpg,https://www.lesfruitsetlegumesfrais.com/app/uploads/cache/2021/03/tomate-2880x1214-px/978270890.jpg
Melon,"En été, le melon garnit généreusement les étals et parfume agréablement nos paniers.","Rond et savoureux, il fait partie des fruits et légumes d’été préférés des Français. Il se consomme aujourd’hui surtout comme un fruit, mais agrémente également des préparations salées.",,Avr. - Sept,"Le melon se conserve au frais. Si vous ne disposez pas d’un cellier ou d’une cave, le bac à légumes de votre réfrigérateur peut faire l’affaire. Mais ne l’y laissez pas plus de 6 jours !

",Juin - Sept.,En France,6 jours max dans le bac à légumes,62 kcal pour 100g,Riche en vitamine B9,À partir de 12 mois,"Eau	84,20 g
Glucides	14,80 g
Fibres	1,30 g
Provitamine A Béta-carotène	2500 µg
Vitamine B9	58,90 µg
Potassium	380 mg",https://www.lesfruitsetlegumesfrais.com/app/uploads/cache/2021/03/melon-1/3489927606.jpg,https://www.lesfruitsetlegumesfrais.com/app/uploads/cache/2021/03/melon-2880x1214-px/1406019489.jpg